Sample,Mean,StdDev
1,6.133333333333334,6.379281941977333
2,8.0,12.856349181852298
3,10.2,15.612266239814678
4,7.933333333333334,11.410938778624825
5,10.533333333333333,17.31995820956137
6,9.8,16.92926460304759
7,9.2,15.902380774139269
8,6.666666666666667,9.123491395189411
9,8.666666666666666,11.37457482198576
10,7.666666666666667,13.430597618161016
